{
  "info": {
    "name": "Spring Cloud Stream Kafka Demo",
    "_postman_id": "demo-kafka-collection-0001",
    "description": "Publish/receive messages via Spring Cloud Stream (Kafka) demo",
    "schema": "https://schema.getpostman.com/json/collection/v2.1.0/collection.json"
  },
  "variable": [
    {
      "key": "baseUrl",
      "value": "http://localhost:8080"
    }
  ],
  "item": [
    {
      "name": "Publish Message",
      "request": {
        "method": "POST",
        "header": [
          {
            "key": "Content-Type",
            "value": "application/json"
          }
        ],
        "body": {
          "mode": "raw",
          "raw": "{\"payload\":\"hello from postman\"}"
        },
        "url": {
          "raw": "{{baseUrl}}/api/messages/publish",
          "host": [
            "{{baseUrl}}"
          ],
          "path": [
            "api",
            "messages",
            "publish"
          ]
        }
      }
    },
    {
      "name": "Get Received Messages",
      "request": {
        "method": "GET",
        "header": [],
        "url": {
          "raw": "{{baseUrl}}/api/messages/received",
          "host": [
            "{{baseUrl}}"
          ],
          "path": [
            "api",
            "messages",
            "received"
          ]
        }
      }
    },
    {
      "name": "Clear Received Messages",
      "request": {
        "method": "POST",
        "header": [],
        "url": {
          "raw": "{{baseUrl}}/api/messages/received/clear",
          "host": [
            "{{baseUrl}}"
          ],
          "path": [
            "api",
            "messages",
            "received",
            "clear"
          ]
        }
      }
    }
  ]
}