{
  "info": {
    "name": "Spring Boot Cache Demo - Basic Scenarios",
    "_postman_id": "d9a8f6c9-0000-4000-8000-000000000001",
    "description": "Basic requests to demonstrate cache behavior for spring-boot-cache-demo",
    "schema": "https://schema.getpostman.com/json/collection/v2.1.0/collection.json"
  },
  "variable": [
    {
      "key": "baseUrl",
      "value": "http://localhost:8080"
    }
  ],
  "item": [
    {
      "name": "GET User (by id) \u2014 first call (populates cache)",
      "request": {
        "method": "GET",
        "header": [],
        "url": {
          "raw": "{{baseUrl}}/api/users/1",
          "host": [
            "{{baseUrl}}"
          ],
          "path": [
            "api",
            "users",
            "1"
          ]
        }
      }
    },
    {
      "name": "GET User (by id) \u2014 subsequent call (should be cached)",
      "request": {
        "method": "GET",
        "header": [],
        "url": {
          "raw": "{{baseUrl}}/api/users/1",
          "host": [
            "{{baseUrl}}"
          ],
          "path": [
            "api",
            "users",
            "1"
          ]
        }
      }
    },
    {
      "name": "Create User (POST)",
      "request": {
        "method": "POST",
        "header": [
          {
            "key": "Content-Type",
            "value": "application/json"
          }
        ],
        "body": {
          "mode": "raw",
          "raw": "{\"name\":\"Charlie\"}"
        },
        "url": {
          "raw": "{{baseUrl}}/api/users",
          "host": [
            "{{baseUrl}}"
          ],
          "path": [
            "api",
            "users"
          ]
        }
      }
    },
    {
      "name": "Update User (PUT)",
      "request": {
        "method": "PUT",
        "header": [
          {
            "key": "Content-Type",
            "value": "application/json"
          }
        ],
        "body": {
          "mode": "raw",
          "raw": "{\"id\":1,\"name\":\"Alice Updated via Postman\"}"
        },
        "url": {
          "raw": "{{baseUrl}}/api/users",
          "host": [
            "{{baseUrl}}"
          ],
          "path": [
            "api",
            "users"
          ]
        }
      }
    },
    {
      "name": "Delete User (DELETE)",
      "request": {
        "method": "DELETE",
        "header": [],
        "url": {
          "raw": "{{baseUrl}}/api/users/1",
          "host": [
            "{{baseUrl}}"
          ],
          "path": [
            "api",
            "users",
            "1"
          ]
        }
      }
    },
    {
      "name": "Evict All Users (POST)",
      "request": {
        "method": "POST",
        "header": [],
        "url": {
          "raw": "{{baseUrl}}/api/users/evict-all",
          "host": [
            "{{baseUrl}}"
          ],
          "path": [
            "api",
            "users",
            "evict-all"
          ]
        }
      }
    }
  ]
}