{
  "info": {
    "name": "Kafka Consumer Demo",
    "_postman_id": "consumer-demo-001",
    "schema": "https://schema.getpostman.com/json/collection/v2.1.0/collection.json"
  },
  "variable": [
    {
      "key": "baseUrl",
      "value": "http://localhost:8081"
    }
  ],
  "item": [
    {
      "name": "Get Received Messages",
      "request": {
        "method": "GET",
        "header": [],
        "url": {
          "raw": "{{baseUrl}}/api/messages/received"
        }
      }
    },
    {
      "name": "Clear Received Messages",
      "request": {
        "method": "POST",
        "header": [],
        "url": {
          "raw": "{{baseUrl}}/api/messages/received/clear"
        }
      }
    }
  ]
}