{
  "info": {
    "name": "ControllerAdvice Exception Handling - Demo",
    "_postman_id": "d9a8f6c9-0000-4000-8000-000000000002",
    "description": "Requests to exercise @ControllerAdvice exception handling",
    "schema": "https://schema.getpostman.com/json/collection/v2.1.0/collection.json"
  },
  "variable": [
    {
      "key": "baseUrl",
      "value": "http://localhost:8080"
    }
  ],
  "item": [
    {
      "name": "GET Existing User (id=1)",
      "request": {
        "method": "GET",
        "header": [],
        "url": {
          "raw": "{{baseUrl}}/api/users/1",
          "host": [
            "{{baseUrl}}"
          ],
          "path": [
            "api",
            "users",
            "1"
          ]
        }
      }
    },
    {
      "name": "GET Missing User (id=99) -> 404",
      "request": {
        "method": "GET",
        "header": [],
        "url": {
          "raw": "{{baseUrl}}/api/users/99",
          "host": [
            "{{baseUrl}}"
          ],
          "path": [
            "api",
            "users",
            "99"
          ]
        }
      }
    },
    {
      "name": "POST Create User - Invalid (missing name) -> 400",
      "request": {
        "method": "POST",
        "header": [
          {
            "key": "Content-Type",
            "value": "application/json"
          }
        ],
        "body": {
          "mode": "raw",
          "raw": "{}"
        },
        "url": {
          "raw": "{{baseUrl}}/api/users",
          "host": [
            "{{baseUrl}}"
          ],
          "path": [
            "api",
            "users"
          ]
        }
      }
    },
    {
      "name": "POST Create User - Valid",
      "request": {
        "method": "POST",
        "header": [
          {
            "key": "Content-Type",
            "value": "application/json"
          }
        ],
        "body": {
          "mode": "raw",
          "raw": "{\"name\":\"Charlie\"}"
        },
        "url": {
          "raw": "{{baseUrl}}/api/users",
          "host": [
            "{{baseUrl}}"
          ],
          "path": [
            "api",
            "users"
          ]
        }
      }
    },
    {
      "name": "GET Error Demo -> 500",
      "request": {
        "method": "GET",
        "header": [],
        "url": {
          "raw": "{{baseUrl}}/api/users/error-demo",
          "host": [
            "{{baseUrl}}"
          ],
          "path": [
            "api",
            "users",
            "error-demo"
          ]
        }
      }
    }
  ]
}