{
  "info": {
    "name": "Saga Demo",
    "schema": "https://schema.getpostman.com/json/collection/v2.1.0/collection.json"
  },
  "item": [
    {
      "name": "Start Order Saga (success)",
      "request": {
        "method": "POST",
        "header": [
          {
            "key": "Content-Type",
            "value": "application/json"
          }
        ],
        "body": {
          "mode": "raw",
          "raw": "{\n  \"product\": \"book\",\n  \"quantity\": 1,\n  \"amount\": 100.0\n}"
        },
        "url": {
          "raw": "http://localhost:8080/sagas/orders",
          "protocol": "http",
          "host": [
            "localhost"
          ],
          "port": "8080",
          "path": [
            "sagas",
            "orders"
          ]
        }
      }
    },
    {
      "name": "Start Order Saga (simulate payment failure)",
      "request": {
        "method": "POST",
        "header": [
          {
            "key": "Content-Type",
            "value": "application/json"
          }
        ],
        "body": {
          "mode": "raw",
          "raw": "{\n  \"product\": \"book\",\n  \"quantity\": 1,\n  \"amount\": -1.0\n}"
        },
        "url": {
          "raw": "http://localhost:8080/sagas/orders",
          "protocol": "http",
          "host": [
            "localhost"
          ],
          "port": "8080",
          "path": [
            "sagas",
            "orders"
          ]
        }
      }
    },
    {
      "name": "Direct create order (order-service)",
      "request": {
        "method": "POST",
        "header": [
          {
            "key": "Content-Type",
            "value": "application/json"
          }
        ],
        "body": {
          "mode": "raw",
          "raw": "{\n  \"product\": \"pen\",\n  \"quantity\": 2,\n  \"amount\": 20.0\n}"
        },
        "url": {
          "raw": "http://localhost:8081/orders",
          "protocol": "http",
          "host": [
            "localhost"
          ],
          "port": "8081",
          "path": [
            "orders"
          ]
        }
      }
    },
    {
      "name": "Direct create payment (payment-service)",
      "request": {
        "method": "POST",
        "header": [
          {
            "key": "Content-Type",
            "value": "application/json"
          }
        ],
        "body": {
          "mode": "raw",
          "raw": "{\n  \"orderId\": 1,\n  \"amount\": 100.0\n}"
        },
        "url": {
          "raw": "http://localhost:8082/payments",
          "protocol": "http",
          "host": [
            "localhost"
          ],
          "port": "8082",
          "path": [
            "payments"
          ]
        }
      }
    }
  ]
}